"Country_Name","Country_Code","Year","Debt","GDP","GDP_Per_Capita","Revenue","Category","pandemic_year"
"Albania","ALB",2015,79.39046801,11.386853113,3952.80357364813,19.88383798,"Developing",0
"Albania","ALB",2016,80.3954345,11.861199831,4124.05538986272,19.04312387,"Developing",0
"Albania","ALB",2017,76.34373833,13.019726212,4531.03220675893,20.22136477,"Developing",0
"Albania","ALB",2018,74.0172045,15.156424015,5287.66080067575,19.86565461,"Developing",0
"Albania","ALB",2019,75.37468496,15.401826127,5396.2142432843,19.39034724,"Developing",0
"Albania","ALB",2020,83.26949296,15.162734205,5343.0377039956,17.97322177,"Developing",1
"Albania","ALB",2021,82.11359862,17.930565119,6377.20309553753,19.30012092,"Developing",1
"Armenia","ARM",2019,50.02842069,13.619290539,4828.50488626598,23.941241,"Developing",0
"Armenia","ARM",2020,63.40121401,12.641698583,4505.86774175695,24.14473231,"Developing",1
"Armenia","ARM",2021,60.08035977,13.878908629,4972.78320361917,23.38782887,"Developing",1
"Armenia","ARM",2022,46.55189867,19.513474648,7018.05150434798,23.45645594,"Developing",0
"Australia","AUS",2015,46.46578853,1351.77,56758.8692027821,24.50014864,"Developed",0
"Australia","AUS",2016,54.64430213,1207.58,49918.7939327254,24.84779401,"Developed",0
"Australia","AUS",2017,53.26422179,1326.88,53954.553494614,24.81729338,"Developed",0
"Australia","AUS",2018,54.42969692,1429.73,57273.5204750079,25.80860795,"Developed",0
"Australia","AUS",2019,60.14198669,1394.67,55049.571919719,26.04000324,"Developed",0
"Australia","AUS",2020,69.21905595,1330.38,51868.2475567823,25.24506222,"Developed",1
"Australia","AUS",2021,69.90771702,1559.03,60697.2454358579,25.65535657,"Developed",1
"Australia","AUS",2022,57.97474821,1692.96,65077.676668821,26.17257431,"Developed",0
"Austria","AUT",2015,95.08426588,381.971,44195.8175947748,32.6601538,"Developed",0
"Austria","AUT",2016,94.69463696,395.837,45307.5878620429,31.09887518,"Developed",0
"Austria","AUT",2017,89.40540885,417.261,47429.1584564387,30.98626558,"Developed",0
"Austria","AUT",2018,84.21549189,454.991,51466.5565633634,31.02629871,"Developed",0
"Austria","AUT",2019,83.11997121,444.596,50067.5857265892,31.15245509,"Developed",0
"Austria","AUT",2020,99.90690188,435.049,48789.4978498872,30.01462685,"Developed",1
"Austria","AUT",2021,94.63867736,479.295,53517.8904509612,31.74381335,"Developed",1
"Austria","AUT",2022,75.05117642,470.942,52084.6811953372,31.69938467,"Developed",0
"Azerbaijan","AZE",2020,22.25475729,42.693,4229.91064904503,29.95118362,"Developing",1
"Azerbaijan","AZE",2021,16.86849808,54.825411765,5408.04535175023,32.36648527,"Developing",1
"Belgium","BEL",2015,108.5816486,462.336,41008.296719472,26.03946135,"Developed",0
"Belgium","BEL",2016,110.1821227,476.063,42012.6227191016,24.05669294,"Developed",0
"Belgium","BEL",2017,103.8647204,502.765,44198.4823908691,24.60992594,"Developed",0
"Belgium","BEL",2018,101.3831517,543.299,47544.9811472757,25.10594482,"Developed",0
"Belgium","BEL",2019,103.366617,535.866,46641.7214017087,23.67548251,"Developed",0
"Belgium","BEL",2020,119.2694365,526.022,45587.968308319,22.85777504,"Developed",1
"Belgium","BEL",2021,108.0102876,600.904,51863.8311565054,23.88613813,"Developed",1
"Belgium","BEL",2022,94.03943214,583.614,49942.0906424887,23.93874421,"Developed",0
"Burkina Faso","BFA",2018,45.57386105,15.890066221,779.202768619387,16.82275769,"Developing",0
"Burkina Faso","BFA",2019,47.06236338,16.032813502,765.229560401644,18.60654705,"Developing",0
"Burkina Faso","BFA",2020,73.38519256,17.725010531,823.552410880968,16.03576761,"Developing",1
"Burkina Faso","BFA",2021,55.73601048,19.643166854,888.803610895832,18.10866317,"Developing",1
"Burkina Faso","BFA",2022,62.52560943,18.820219331,830.043965850311,19.68783407,"Developing",0
"Bulgaria","BGR",2015,30.85154895,50.811995689,7078.86032298969,27.02708653,"Developing",0
"Bulgaria","BGR",2016,35.54411054,53.964253212,7570.93165511708,24.86531777,"Developing",0
"Bulgaria","BGR",2017,32.23505414,59.309748166,8381.88134621669,25.46826388,"Developing",0
"Bulgaria","BGR",2018,28.69915361,66.370132238,9447.65589681469,25.64771803,"Developing",0
"Bulgaria","BGR",2019,26.93617066,68.881010246,9874.33632625168,26.57084438,"Developing",0
"Bulgaria","BGR",2020,32.26059232,70.368758395,10148.3423954435,24.80975049,"Developing",1
"Bulgaria","BGR",2021,32.89592156,84.041493016,12219.3418706779,25.64328141,"Developed",1
"Bulgaria","BGR",2022,30.29895731,90.346169915,13974.4492487792,28.80428339,"Developed",0
"Bahrain","BHR",2015,63.4862586,31.125851064,22850.6653959938,17.20862114,"Developed",0
"Bahrain","BHR",2016,74.14615642,32.250132979,22877.9351764172,15.41656924,"Developed",0
"Bahrain","BHR",2017,81.42325905,35.423643617,24315.4975906804,16.31443519,"Developed",0
"Bahrain","BHR",2018,88.23971823,37.802005319,25415.8466249472,19.52626684,"Developed",0
"Bahrain","BHR",2019,95.59885022,38.653318085,25869.1129129041,19.96990722,"Developed",0
"Bahrain","BHR",2020,115.5171158,34.621807713,23433.1872362574,15.99636729,"Developed",1
"Bahamas, The","BHS",2015,48.29858035,11.6719,29722.4068429349,14.83503566,"Developed",0
"Bahamas, The","BHS",2016,50.78514444,11.7451,29661.1410792573,16.93718745,"Developed",0
"Bahamas, The","BHS",2017,53.52854119,12.2367,30666.8838654704,16.91840137,"Developed",0
"Bahamas, The","BHS",2018,57.41367967,12.6158,31389.9269978552,16.16824934,"Developed",0
"Bahamas, The","BHS",2019,57.82838309,13.0162,32173.9581814182,18.64040964,"Developed",0
"Bahamas, The","BHS",2020,82.25603025,9.9582,24499.1647620617,20.95587864,"Developed",1
"Bahamas, The","BHS",2021,87.39033166,11.3689,27871.3723259771,16.78318997,"Developed",1
"Bahamas, The","BHS",2022,82.15955396,13.1364,32041.2503902591,19.8341812,"Developed",0
"Bosnia and Herzegovina","BIH",2016,47.94648437,17.116926328,4917.26376596306,25.24972566,"Developing",0
"Bosnia and Herzegovina","BIH",2017,44.97074106,18.326373366,5327.39230422044,25.65896357,"Developing",0
"Bosnia and Herzegovina","BIH",2018,40.83070239,20.484053869,6024.49314979655,25.84194684,"Developing",0
"Bosnia and Herzegovina","BIH",2019,40.26596715,20.482608755,6094.72482322311,25.00305084,"Developing",0
"Bosnia and Herzegovina","BIH",2020,44.73336316,20.226036564,6095.10423658487,30.37231294,"Developing",1
"Bosnia and Herzegovina","BIH",2021,45.38086256,23.672712242,7237.27446250665,30.04718335,"Developing",1
"Bosnia and Herzegovina","BIH",2022,39.92730797,24.534663636,7587.58817346075,29.55727979,"Developing",0
"Belarus","BLR",2015,37.5980986,56.454889147,5967.06856034227,18.60898559,"Developing",0
"Belarus","BLR",2016,38.92409841,47.723545321,5039.77560949445,18.06321136,"Developing",0
"Belarus","BLR",2017,39.88017996,54.72530225,5785.53397723676,18.92458318,"Developing",0
"Belarus","BLR",2018,37.09564601,60.031173808,6360.05310087258,20.18923398,"Developing",0
"Belarus","BLR",2019,33.24422862,64.410122847,6837.76832136779,18.68739144,"Developing",0
"Belarus","BLR",2020,38.58903327,61.371755326,6542.8645398436,17.26312123,"Developing",1
"Brazil","BRA",2015,67.53755403,1802.21,8783.2154236384,29.2514316,"Developing",0
"Brazil","BRA",2016,73.41880381,1795.69,8680.73646873878,29.67010526,"Developing",0
"Brazil","BRA",2017,83.66920265,2063.51,9896.71889500528,27.82472985,"Developing",0
"Brazil","BRA",2018,86.60788412,1916.93,9121.02099480377,28.58288523,"Developing",0
"Brazil","BRA",2019,92.56525319,1873.29,8845.32414932264,29.1518761,"Developing",0
"Brazil","BRA",2020,98.70988195,1476.11,6923.6999117682,25.6990311,"Developing",1
"Brazil","BRA",2021,85.01150367,1670.65,7794.88097933152,27.32688783,"Developing",1
"Brazil","BRA",2022,79.10232189,1951.92,9065.49733395404,29.61603613,"Developing",0
"Barbados","BRB",2015,141.021451,4.73865045,17040.4176091311,26.58080567,"Developed",0
"Barbados","BRB",2016,146.4600534,4.84821035,17398.9870769319,29.52736466,"Developed",0
"Bhutan","BTN",2015,82.28779493,2.154921011,2899.22829354394,18.24699963,"Developing",0
"Bhutan","BTN",2016,93.67291868,2.322730512,3097.96123360501,17.47688122,"Developing",0
"Bhutan","BTN",2017,95.77868108,2.591358115,3427.17384540098,17.65164052,"Developing",0
"Bhutan","BTN",2018,95.84782115,2.583335723,3389.77730275615,21.74787974,"Developing",0
"Bhutan","BTN",2019,90.35735791,2.735683409,3564.59877149986,18.8336305,"Developing",0
"Bhutan","BTN",2020,111.0078973,2.457604042,3181.33974675871,20.02848315,"Developing",1
"Botswana","BWA",2015,19.08697767,13.530748845,5869.73757890628,35.32039,"Developing",0
"Botswana","BWA",2016,15.80495231,15.082637184,6411.5518615966,34.77393997,"Developing",0
"Botswana","BWA",2017,14.68076918,16.105155857,6705.34084567283,33.58084839,"Developing",0
"Botswana","BWA",2018,15.23071514,17.031943186,6947.81784114167,30.70783065,"Developing",0
"Botswana","BWA",2019,16.19390431,16.725908149,6691.16084579207,30.12897434,"Developing",0
"Botswana","BWA",2020,19.61608146,14.960291106,5875.07043504191,28.76564534,"Developing",1
"Canada","CAN",2015,51.67209092,1556.51,43594.1941045394,14.40006792,"Developed",0
"Canada","CAN",2016,52.57830902,1527.99,42314.0615817218,14.42682,"Developed",0
"Canada","CAN",2017,50.78380728,1649.27,45129.628116623,14.54255992,"Developed",0
"Canada","CAN",2018,48.94895137,1725.33,46539.1761570405,15.03015648,"Developed",0
"Canada","CAN",2019,48.58497478,1743.73,46352.8693445211,14.66910562,"Developed",0
"Canada","CAN",2020,69.85858306,1655.68,43537.839298904,15.26593249,"Developed",1
"Canada","CAN",2021,65.59913838,2007.47,52496.8441693242,15.33182924,"Developed",1
"Canada","CAN",2022,56.09299293,2161.48,55509.393176404,14.42798802,"Developed",0
"Switzerland","CHE",2015,20.44871662,694.118,83806.4476003837,10.88365213,"Developed",0
"Switzerland","CHE",2016,19.41492875,687.895,82153.0745447889,10.60592692,"Developed",0
"Switzerland","CHE",2017,20.35252541,695.201,82254.3769269767,11.31100688,"Developed",0
"Switzerland","CHE",2018,18.76316119,725.569,85217.3691512274,10.95362692,"Developed",0
"Switzerland","CHE",2019,19.08351154,721.369,84121.9310304414,11.10370575,"Developed",0
"Switzerland","CHE",2020,20.92675962,741.999,85897.7843338323,10.64709914,"Developed",1
"Switzerland","CHE",2021,20.07300852,813.409,93446.4344518943,11.46562693,"Developed",1
"Switzerland","CHE",2022,18.15449534,818.427,93259.9057183024,10.50423584,"Developed",0
"Congo, Dem. Rep.","COD",2022,15.98969681,65.80154762,664.593543336696,14.16466918,"Developing",0
"Colombia","COL",2015,52.95522576,293.492,6228.65162110371,18.92588693,"Developing",0
"Colombia","COL",2016,66.52520866,282.72,5936.26102166829,19.04284033,"Developing",0
"Colombia","COL",2017,66.45029712,311.867,6449.97098770131,19.80957654,"Developing",0
"Colombia","COL",2018,71.32989407,334.198,6782.03792028237,18.68901197,"Developing",0
"Colombia","COL",2019,72.32711612,323.032,6436.50921493811,20.88827493,"Developing",0
"Colombia","COL",2020,90.7463536,270.348,5308.16470717512,19.00683071,"Developing",1
"Colombia","COL",2021,80.03501691,318.525,6182.9559438651,18.49943446,"Developing",1
"Colombia","COL",2022,69.87320408,345.33,6657.08669677355,20.14510876,"Developing",0
"Costa Rica","CRI",2022,71.11157641,69.243626029,13365.3563992546,18.00349469,"Developed",0
"Cyprus","CYP",2015,157.0158313,19.909269064,23487.21875,29.62239566,"Developed",0
"Cyprus","CYP",2016,151.2804058,21.046452116,24715.142578125,28.1243176,"Developed",0
"Cyprus","CYP",2017,142.3359437,22.946583375,26697.005859375,28.4632985,"Developed",0
"Cyprus","CYP",2018,148.5256558,25.597301191,29419.88671875,28.95709569,"Developed",0
"Cyprus","CYP",2019,147.160719,25.947020102,29419.9921875,27.76966827,"Developed",0
"Cyprus","CYP",2020,175.1464533,25.227189745,28281.412109375,26.53588159,"Developed",1
"Cyprus","CYP",2021,152.6552865,29.482912835,32745.83984375,29.07725283,"Developed",1
"Cyprus","CYP",2022,125.9222918,29.25053202,32048.248046875,30.03071606,"Developed",0
"Czechia","CZE",2015,47.77259286,188.033,17829.6983223668,25.85810284,"Developed",0
"Czechia","CZE",2016,44.41059832,196.272,18575.2320271915,26.2335484,"Developed",0
"Czechia","CZE",2017,40.85881446,218.629,20636.199952435,26.18662296,"Developed",0
"Czechia","CZE",2018,38.34342341,249.001,23424.4804601855,26.37157694,"Developed",0
"Czechia","CZE",2019,36.64400817,252.548,23664.8478631108,26.24566218,"Developed",0
"Czechia","CZE",2020,45.61687234,245.975,22992.8793833348,25.77733809,"Developed",1
"Czechia","CZE",2021,47.28267818,281.791,26822.5141862111,25.11008449,"Developed",1
"Czechia","CZE",2022,46.82282014,290.566,27226.6156386023,25.01197187,"Developed",0
"Germany","DEU",2015,51.5931967,3357.59,41103.2564363768,12.8198587,"Developed",0
"Germany","DEU",2016,49.90107633,3469.85,42136.1207907991,12.575078,"Developed",0
"Germany","DEU",2017,47.8698319,3690.85,44652.5891722719,12.61480919,"Developed",0
"Germany","DEU",2018,46.0028228,3974.44,47939.2782884504,12.80601405,"Developed",0
"Germany","DEU",2019,44.65086022,3889.18,46805.1384334439,12.83517217,"Developed",0
"Germany","DEU",2020,55.07111316,3887.73,46749.4762280016,12.03644237,"Developed",1
"Germany","DEU",2021,54.47964727,4278.5,51426.7503654421,12.5075122,"Developed",1
"Germany","DEU",2022,44.52882654,4082.47,48717.9911402128,12.52457562,"Developed",0
"Denmark","DNK",2015,42.94454924,302.673,53254.8563700916,39.31684406,"Developed",0
"Denmark","DNK",2016,40.66935467,313.116,54663.9983719195,38.50155783,"Developed",0
"Denmark","DNK",2017,38.3727929,332.121,57610.0981801135,38.81849187,"Developed",0
"Denmark","DNK",2018,36.54626821,356.841,61591.9288698958,37.88784643,"Developed",0
"Denmark","DNK",2019,38.17240331,346.499,59592.9806886454,40.15833568,"Developed",0
"Denmark","DNK",2020,48.4031299,354.763,60836.5924121638,39.96928973,"Developed",1
"Denmark","DNK",2021,39.85566059,405.688,69268.6517983134,41.17370014,"Developed",1
"Denmark","DNK",2022,26.36931189,400.167,67790.0539923276,36.28058655,"Developed",0
"Spain","ESP",2015,110.0331336,1196.16,25754.36102944,16.50072536,"Developed",0
"Spain","ESP",2016,109.1585545,1233.55,26537.1594894542,16.05274493,"Developed",0
"Spain","ESP",2017,107.7571236,1313.25,28185.3213671969,15.79701194,"Developed",0
"Spain","ESP",2018,106.6045098,1421.7,30379.7211126422,16.33181294,"Developed",0
"Spain","ESP",2019,109.6790883,1394.32,29581.5185513299,15.903166,"Developed",0
"Spain","ESP",2020,134.0349999,1278.13,26984.2962770279,15.862146,"Developed",1
"Spain","ESP",2021,126.9746309,1445.65,30488.8209528797,17.19289203,"Developed",1
"Spain","ESP",2022,104.7899116,1417.8,29674.5442864413,17.7235648,"Developed",0
"Estonia","EST",2015,13.12274003,22.89076209,17402.0376128079,30.22340454,"Developed",0
"Estonia","EST",2016,14.07077738,24.072829277,18295.3429322114,30.1334703,"Developed",0
"Estonia","EST",2017,13.42557616,26.924385103,20437.765376736,29.65475567,"Developed",0
"Estonia","EST",2018,13.45856977,30.624720196,23165.8494786437,29.3905147,"Developed",0
"Estonia","EST",2019,13.92936694,31.290453294,23581.656836882,29.90016214,"Developed",0
"Estonia","EST",2020,23.77289115,31.330419851,23565.1759437969,29.52499096,"Developed",1
"Estonia","EST",2021,23.89299664,36.864792512,27698.4793450267,30.01094101,"Developed",1
"Estonia","EST",2022,25.20109125,37.921480882,28114.1431760201,29.75690383,"Developed",0
"Ethiopia","ETH",2015,27.94312504,64.589328551,630.312619383054,9.943344344,"Developing",0
"Ethiopia","ETH",2016,29.00569007,74.296745208,705.617508543589,9.358219992,"Developing",0
"Ethiopia","ETH",2017,30.0951132,81.770886826,755.752644348666,9.444828163,"Developing",0
"Ethiopia","ETH",2018,32.5332185,84.269196626,758.29769449458,8.973363668,"Developing",0
"Ethiopia","ETH",2019,31.44884867,95.912607722,840.449601255171,7.7882248,"Developing",0
"Finland","FIN",2015,62.36346004,234.534,42801.9081167285,22.40130567,"Developed",0
"Finland","FIN",2016,62.76216221,240.771,43814.0265056965,22.6997306,"Developed",0
"Finland","FIN",2017,60.1932824,255.648,46412.1364777169,22.54165912,"Developed",0
"Finland","FIN",2018,60.26548218,275.708,49987.6261584968,22.706479,"Developed",0
"Finland","FIN",2019,60.53289863,268.515,48629.8582283032,22.64548191,"Developed",0
"Finland","FIN",2020,70.21105874,271.886,49169.7193388499,21.81710483,"Developed",1
"Finland","FIN",2021,66.21293844,296.47,53504.6936483441,22.59718188,"Developed",1
"Finland","FIN",2022,60.78703859,281.887,50734.7107480889,22.98878915,"Developed",0
"France","FRA",2015,97.98033326,2439.19,36652.9223052178,18.69127633,"Developed",0
"France","FRA",2016,102.2620449,2472.96,37062.5335723829,18.65662189,"Developed",0
"France","FRA",2017,102.2152651,2595.15,38781.0494870836,19.12240852,"Developed",0
"France","FRA",2018,101.6221344,2790.96,41557.8548588876,18.67735283,"Developed",0
"France","FRA",2019,104.9611611,2728.87,40494.8982936276,17.73940725,"Developed",0
"France","FRA",2020,123.1721712,2647.42,39179.7442596057,17.24505486,"Developed",1
"France","FRA",2021,116.8867735,2959.36,43671.3084099631,16.88073464,"Developed",1
"France","FRA",2022,98.66052415,2779.09,40886.2532680273,17.36846233,"Developed",0
"Micronesia, Fed. Sts.","FSM",2015,29.94314479,0.3164899,2891.32210264749,28.37381793,"Developing",0
"Micronesia, Fed. Sts.","FSM",2016,25.95939692,0.325,2956.56129178986,27.75054123,"Developing",0
"Micronesia, Fed. Sts.","FSM",2017,31.59722033,0.359,3250.9281898035,32.05898106,"Developing",0
"Micronesia, Fed. Sts.","FSM",2018,23.69796607,0.392,3533.79188489935,45.82094413,"Developing",0
"Micronesia, Fed. Sts.","FSM",2019,24.15144416,0.394,3537.47115704038,40.11577487,"Developing",0
"Micronesia, Fed. Sts.","FSM",2020,27.86301425,0.372,3318.28804881095,29.77609435,"Developing",1
"United Kingdom","GBR",2015,147.9494127,2927.91,44964.3911437292,33.06904273,"Developed",0
"United Kingdom","GBR",2016,156.6044652,2689.11,40985.2351382417,33.57380457,"Developed",0
"United Kingdom","GBR",2017,161.2700614,2680.15,40572.1214823783,33.97815683,"Developed",0
"United Kingdom","GBR",2018,158.1630662,2871.34,43203.8141057739,33.93066221,"Developed",0
"United Kingdom","GBR",2019,160.3221869,2851.41,42662.5353740311,33.48918785,"Developed",0
"United Kingdom","GBR",2020,196.6123934,2697.81,40217.0090116986,33.71477668,"Developed",1
"United Kingdom","GBR",2021,186.8521185,3141.51,46869.759058411,35.10355815,"Developed",1
"United Kingdom","GBR",2022,142.2830421,3088.84,45564.1569448013,36.77422135,"Developed",0
"Georgia","GEO",2015,36.00034734,15.223796149,4086.6223465965,27.15063101,"Developing",0
"Georgia","GEO",2016,39.47883895,15.444548902,4143.40125686315,27.83027385,"Developing",0
"Georgia","GEO",2017,38.84131592,16.473125375,4418.75206546679,28.03072085,"Developing",0
"Georgia","GEO",2018,38.2238727,17.902544881,4804.0546040444,25.40573897,"Developing",0
"Georgia","GEO",2019,44.7236858,17.638337117,4741.2832715876,26.10002815,"Developing",0
"Georgia","GEO",2020,65.19331579,16.010869216,4300.85701291207,24.60161883,"Developing",1
"Georgia","GEO",2021,54.72712601,18.853115589,5083.60695484577,24.85508201,"Developing",1
"Georgia","GEO",2022,42.96939336,24.98456896,6729.84659930283,26.48915729,"Developing",0
"Greece","GRC",2015,189.1815337,195.684,18083.8779056547,35.49492747,"Developed",0
"Greece","GRC",2016,194.6391093,193.148,17923.9668134716,37.01155046,"Developed",0
"Greece","GRC",2017,198.9571154,199.844,18582.0893411631,35.23844704,"Developed",0
"Greece","GRC",2018,208.851528,212.049,19756.990456255,35.34574595,"Developed",0
"Greece","GRC",2019,212.4539436,205.253,19143.8876174584,34.58625199,"Developed",0
"Greece","GRC",2020,253.2258907,188.48,17617.2915057014,34.94757509,"Developed",1
"Greece","GRC",2021,237.4925698,214.668,20310.6824798873,35.34372902,"Developed",1
"Greece","GRC",2022,203.2858092,217.581,20867.2690861087,36.27812267,"Developed",0
"Croatia","HRV",2015,95.5873962,51.011170112,12135.1036186683,28.15855867,"Developed",0
"Croatia","HRV",2016,93.09374885,52.740059263,12634.3195701712,28.55492505,"Developed",0
"Croatia","HRV",2017,86.56856784,56.322449844,13655.4798216229,28.76740581,"Developed",0
"Croatia","HRV",2018,83.31650544,61.861145806,15132.9554012394,27.98827833,"Developed",0
"Croatia","HRV",2019,81.15496216,61.867157679,15218.5258037621,29.30957514,"Developed",0
"Croatia","HRV",2020,98.00345845,58.221300898,14383.8695000306,28.79180154,"Developed",1
"Croatia","HRV",2021,90.32472896,69.602166351,17943.415126673,29.5304033,"Developed",1
"Croatia","HRV",2022,82.07979639,71.99707066,18673.1779905036,24.86021051,"Developed",0
"Hungary","HUN",2015,96.34196423,125.174,12717.038597002,27.09017414,"Developed",0
"Hungary","HUN",2016,96.75878469,128.61,13104.6995457458,27.20668892,"Developed",0
"Hungary","HUN",2017,91.95831053,143.112,14621.2395956755,27.5310544,"Developed",0
"Hungary","HUN",2018,86.50686812,160.566,16425.2050299693,26.47538553,"Developed",0
"Hungary","HUN",2019,83.29647866,164.02,16786.2136399075,26.72294912,"Developed",0
"Hungary","HUN",2020,95.86464083,157.289,16131.9540355923,27.11936449,"Developed",1
"Hungary","HUN",2021,86.85554203,182.11,18755.1023464312,25.70093816,"Developed",1
"Hungary","HUN",2022,75.46856455,177.006,18355.8278072065,28.31047718,"Developed",0
"Indonesia","IDN",2015,30.30912614,860.854,3322.58167895444,12.96669934,"Developing",0
"Indonesia","IDN",2016,31.36619071,931.877,3558.81885175737,12.47382327,"Developing",0
"Indonesia","IDN",2017,32.42906712,1015.62,3839.78507460491,12.17664757,"Developing",0
"Indonesia","IDN",2018,33.13941924,1042.27,3902.661675559,12.99328466,"Developing",0
"Indonesia","IDN",2019,33.72915562,1119.1,4151.22755440796,12.34853846,"Developing",0
"Indonesia","IDN",2020,42.90179665,1059.05,3895.61815200225,10.53699207,"Developing",1
"Indonesia","IDN",2021,44.40381707,1186.51,4334.23145407913,11.81544296,"Developing",1
"Indonesia","IDN",2022,45.54072326,1319.08,4787.91236404903,13.42388424,"Developing",0
"India","IND",2015,49.96471839,2103.59,1590.17433134297,12.41520954,"Developing",0
"India","IND",2016,47.63375559,2294.8,1714.27953738629,12.85101699,"Developing",0
"India","IND",2017,47.58360938,2651.47,1957.96981331058,12.7267619,"Developing",0
"India","IND",2018,46.52249867,2702.93,1974.37773145023,13.18853295,"Developing",0
"Ireland","IRL",2015,88.38886955,292.364,62179.2642662951,25.91190463,"Developed",0
"Ireland","IRL",2016,85.49461184,298.559,62784.0656875694,26.27715972,"Developed",0
"Ireland","IRL",2017,76.46198137,337.242,70150.7370157965,21.48056686,"Developed",0
"Ireland","IRL",2018,75.01688348,386.693,79446.9391085469,21.16454645,"Developed",0
"Ireland","IRL",2019,69.61080161,398.933,80848.3019020489,20.56044967,"Developed",0
"Ireland","IRL",2020,71.3027371,428.609,85973.0884875501,18.63504186,"Developed",1
"Ireland","IRL",2021,64.33586271,513.392,102001.798249145,19.43541123,"Developed",1
"Ireland","IRL",2022,46.71424172,533.14,103983.29133582,19.35757382,"Developed",0
"Iraq","IRQ",2015,27.39189089,166.774,4416.94292408042,30.59581162,"Developing",0
"Iraq","IRQ",2016,29.47606783,166.744,4308.84808910054,27.58450699,"Developing",0
"Iraq","IRQ",2017,35.86300616,187.218,4725.19357334032,34.56372568,"Developing",0
"Iraq","IRQ",2018,27.43824837,227.367,5601.46706102705,39.0612218,"Developing",0
"Iceland","ISL",2015,116.4854823,17.517210519,52951.6815110898,32.25040777,"Developed",0
"Iceland","ISL",2016,102.3152942,20.793168031,61987.9263620283,47.85536283,"Developed",0
"Iceland","ISL",2017,89.42446836,24.728285177,72010.1490316258,33.69076502,"Developed",0
"Iceland","ISL",2018,81.06558007,26.260850582,74452.1890731447,32.94257744,"Developed",0
"Iceland","ISL",2019,88.93152563,24.681343649,68452.23622306,30.36663456,"Developed",0
"Iceland","ISL",2020,101.249836,21.629953194,59023.5663465778,29.40408124,"Developed",1
"Iceland","ISL",2021,96.71358848,25.797870984,69252.3112431448,28.80612019,"Developed",1
"Iceland","ISL",2022,87.51781641,28.701830402,75135.0916136358,31.11055523,"Developed",0
"Italy","ITA",2015,149.9443926,1836.64,30242.3861352184,26.56910451,"Developed",0
"Italy","ITA",2016,147.7413316,1877.07,30960.7315088902,26.95999285,"Developed",0
"Italy","ITA",2017,145.0828887,1961.8,32406.7203150134,26.48433185,"Developed",0
"Italy","ITA",2018,139.9049515,2091.93,34622.1696664741,26.12793831,"Developed",0
"Italy","ITA",2019,147.5666498,2011.3,33673.7509627421,26.61038038,"Developed",0
"Italy","ITA",2020,176.1277932,1897.46,31922.9191626183,26.81629708,"Developed",1
"Italy","ITA",2021,164.2497486,2154.88,36441.0598048734,27.16398272,"Developed",1
"Italy","ITA",2022,139.0024117,2066.97,35068.8359738449,27.04043282,"Developed",0
"Jamaica","JAM",2015,124.6483008,14.188936918,5077.55096915616,27.46533101,"Developing",0
"Jamaica","JAM",2016,122.6557478,14.077096677,5022.70017844299,28.38654053,"Developing",0
"Jamaica","JAM",2017,102.4636034,14.808985133,5273.1490130852,29.59188235,"Developing",0
"Jamaica","JAM",2019,92.24644845,15.830766531,5626.1704590766,30.78795608,"Developing",0
"Jamaica","JAM",2020,106.282373,13.812421836,4897.26476180879,29.25379581,"Developing",1
"Jordan","JOR",2015,78.86144967,38.587017887,4064.25301043642,21.57187603,"Developing",0
"Jordan","JOR",2016,74.07186077,39.892551127,4003.40474641177,22.00876832,"Developing",0
"Jordan","JOR",2017,75.38050205,41.608435915,4073.11640314668,22.73848212,"Developing",0
"Jordan","JOR",2019,79.345191,44.502816901,4159.6537537759,22.04608032,"Developing",0
"Jordan","JOR",2020,75.96607269,43.700383099,3998.67313829235,20.10489353,"Developing",1
"Jordan","JOR",2022,101.139706,48.653381831,4311.0000506816,23.51153095,"Developing",0
"Japan","JPN",2015,194.5840612,4444.93,34960.6393843385,12.45259811,"Developed",0
"Japan","JPN",2016,193.2304378,5003.68,39375.4731620781,12.09141814,"Developed",0
"Japan","JPN",2017,193.4891597,4930.84,38834.0529341227,12.62845953,"Developed",0
"Japan","JPN",2018,197.3356094,5040.88,39751.1330982711,12.89545786,"Developed",0
"Japan","JPN",2019,198.0103092,5117.99,40415.9567649547,12.64420764,"Developed",0
"Japan","JPN",2020,215.7555406,5055.59,40040.7655055923,13.36361693,"Developed",1
"Japan","JPN",2021,216.3293649,5034.62,40058.5373276179,14.2971207,"Developed",1
"Japan","JPN",2022,216.2133755,4256.41,34017.2718075024,15.25852401,"Developed",0
"Kazakhstan","KAZ",2015,21.1957538,184.388,10510.7703240885,13.06648067,"Developing",0
"Kazakhstan","KAZ",2016,16.76932745,137.278,7714.84184376024,13.03656638,"Developing",0
"Kazakhstan","KAZ",2017,16.60080792,166.806,9247.58067886159,15.48689558,"Developing",0
"Kazakhstan","KAZ",2018,21.97226009,179.34,9812.62543137393,15.31585192,"Developing",0
"Kazakhstan","KAZ",2019,18.48304695,181.667,9812.59552626324,14.93851668,"Developing",0
"Kazakhstan","KAZ",2020,23.7157605,171.082,9121.63640904156,11.84215599,"Developing",1
"Kazakhstan","KAZ",2021,22.41204058,197.112,10270.8873391027,12.33818235,"Developing",1
"Kyrgyz Republic","KGZ",2015,69.68952081,6.678177512,1121.08269597662,24.16071104,"Developing",0
"Kyrgyz Republic","KGZ",2016,62.00983685,6.813095379,1120.66705800127,22.23125422,"Developing",0
"Kyrgyz Republic","KGZ",2017,63.09887522,7.702938379,1242.77022029305,22.85482634,"Developing",0
"Kyrgyz Republic","KGZ",2018,54.74291939,8.271106235,1308.13978544561,22.26380506,"Developing",0
"Kyrgyz Republic","KGZ",2019,54.10195359,9.371275264,1451.51563835807,20.64104932,"Developing",0
"Kyrgyz Republic","KGZ",2020,70.66258442,8.270468614,1256.92922601263,19.21329176,"Developing",1
"Kyrgyz Republic","KGZ",2021,59.34335818,9.249133946,1365.50830399287,22.18819662,"Developing",1
"Kyrgyz Republic","KGZ",2022,50.05624326,12.134931018,1739.79999970559,24.58317193,"Developing",0
"Korea, Rep.","KOR",2015,37.49295711,1466.04,28737.4391706499,24.81399026,"Developed",0
"Korea, Rep.","KOR",2016,38.06551416,1499.68,29280.4403170048,25.75718742,"Developed",0
"Korea, Rep.","KOR",2017,37.34863514,1623.07,31600.7358741365,26.18468005,"Developed",0
"Korea, Rep.","KOR",2018,37.55564318,1725.37,33447.1562836166,27.44892328,"Developed",0
"Korea, Rep.","KOR",2019,39.96948014,1651.42,31902.4169048194,27.88016163,"Developed",0
"Korea, Rep.","KOR",2020,46.43159664,1644.31,31721.2989141857,27.90250205,"Developed",1
"Korea, Rep.","KOR",2021,48.95527864,1818.43,35125.5224984723,29.93376681,"Developed",1
"Korea, Rep.","KOR",2022,51.17913232,1673.92,32394.6833725203,32.00416444,"Developed",0
"Sri Lanka","LKA",2015,73.51265916,85.140955389,3990.35311739446,12.57700432,"Developing",0
"Lesotho","LSO",2015,33.13838462,2.359686725,1113.83683453612,39.17851624,"Developing",0
"Lesotho","LSO",2016,42.06043246,2.114426454,986.265249840927,35.41539919,"Developing",0
"Lesotho","LSO",2017,37.36802276,2.306741674,1062.71243340258,38.3283799,"Developing",0
"Lesotho","LSO",2018,32.84471435,2.556247292,1162.97885412072,37.02353189,"Developing",0
"Lesotho","LSO",2019,32.16703189,2.390702296,1074.1340466189,36.80424954,"Developing",0
"Lesotho","LSO",2020,2.993243596,2.053338465,910.93494753765,41.39969548,"Developing",1
"Lithuania","LTU",2015,49.64569145,41.43553334,14263.9645773495,20.07486645,"Developed",0
"Lithuania","LTU",2016,47.7316659,43.047309306,15008.3132445526,19.96402816,"Developed",0
"Lithuania","LTU",2017,44.95010762,47.758736932,16885.4073948373,19.17114453,"Developed",0
"Lithuania","LTU",2018,38.50309345,53.751411409,19186.359591641,19.04116218,"Developed",0
"Lithuania","LTU",2019,42.11434592,54.808531641,19615.5491450175,22.24278562,"Developed",0
"Lithuania","LTU",2020,52.86411299,56.964942999,20381.8557827478,22.08746217,"Developed",1
"Lithuania","LTU",2021,48.21050394,66.798933786,23849.6156993566,23.28324142,"Developed",1
"Lithuania","LTU",2022,36.04848511,71.013953448,25078.7453655669,23.22640915,"Developed",0
"Luxembourg","LUX",2015,25.6762734,60.071584216,105462.012584423,28.33167757,"Developed",0
"Luxembourg","LUX",2016,24.0314789,62.216885436,106899.293549552,28.43670236,"Developed",0
"Luxembourg","LUX",2017,26.19226491,65.712180343,110193.213797228,28.60808643,"Developed",0
"Luxembourg","LUX",2018,25.37421431,71.00035976,116786.511654677,30.69331625,"Developed",0
"Luxembourg","LUX",2019,27.52131219,69.890505324,112726.439672814,30.40197526,"Developed",0
"Luxembourg","LUX",2020,29.44767431,73.6993667,116905.370396853,28.94581042,"Developed",1
"Luxembourg","LUX",2021,28.69859479,85.584105994,133711.794435985,29.5419029,"Developed",1
"Luxembourg","LUX",2022,26.23487856,81.641807866,125006.021815486,29.67274439,"Developed",0
"Latvia","LVA",2015,62.79554158,27.263090547,13786.4567953114,27.74666292,"Developed",0
"Latvia","LVA",2016,68.13598605,28.083597512,14331.7515885049,29.22605086,"Developed",0
"Latvia","LVA",2017,64.56645478,30.483806018,15695.1151541059,28.44315921,"Developed",0
"Latvia","LVA",2018,63.4687362,34.429023435,17865.0310947642,28.45627853,"Developed",0
"Latvia","LVA",2019,67.40452774,34.225547537,17883.3494113217,26.73203304,"Developed",0
"Latvia","LVA",2020,77.66543599,34.390910339,18096.2027073394,27.95703856,"Developed",1
"Latvia","LVA",2021,83.46678035,39.443126174,20930.3982374189,28.00443905,"Developed",1
"Latvia","LVA",2022,73.87412814,40.422521943,21508.4003332167,27.40306316,"Developed",0
"Moldova","MDA",2015,23.31358332,7.797667197,2749.55137054338,17.91690284,"Developing",0
"Moldova","MDA",2016,32.24744661,7.980917076,2847.08794770479,17.35263649,"Developing",0
"Moldova","MDA",2017,29.66749634,9.514404016,3453.26727720294,18.71609946,"Developing",0
"Moldova","MDA",2018,27.51077817,11.252353421,4156.44981956646,19.07902186,"Developing",0
"Moldova","MDA",2019,25.45101191,11.736797055,4405.33418162155,18.61950947,"Developing",0
"Moldova","MDA",2020,33.95557522,11.530746234,4375.7788930524,18.95509025,"Developing",1
"Moldova","MDA",2021,32.11877906,13.691869264,5274.60582195352,19.44888741,"Developing",1
"Moldova","MDA",2022,34.52131787,14.51049066,5715.28022054154,20.03420774,"Developing",0
"Mexico","MEX",2019,40.45648742,1305.21,10434.5676193955,16.1424006,"Developing",0
"Mexico","MEX",2020,44.89937761,1120.83,8895.61521605941,16.06389541,"Developing",1
"Mexico","MEX",2021,43.98517037,1313.07,10363.1927221972,15.96343541,"Developing",1
"Mexico","MEX",2022,43.208305,1463.32,11476.6788057764,16.8536322,"Developing",0
"Marshall Islands","MHL",2015,47.60927443,0.1832229309,3708.21556179322,27.30516685,"Developing",0
"Marshall Islands","MHL",2016,48.53684613,0.2009007111,4156.93912680937,31.53832143,"Developing",0
"Marshall Islands","MHL",2017,47.89932404,0.2129357147,4512.59276329667,37.91407895,"Developing",0
"Marshall Islands","MHL",2018,44.11518709,0.2194300385,4771.35920442167,32.56983433,"Developing",0
"Marshall Islands","MHL",2019,41.7255807,0.2319967041,5186.83384237084,32.9974212,"Developing",0
"Malta","MLT",2015,74.48081526,11.09148366,24921.7141769982,37.1172121,"Developed",0
"Malta","MLT",2016,75.13425773,11.668015566,25623.9416320597,37.04251719,"Developed",0
"Malta","MLT",2017,63.2820873,13.484541926,28813.1853396512,37.25684836,"Developed",0
"Malta","MLT",2018,58.36219541,15.404393365,31785.8848300917,37.34353645,"Developed",0
"Malta","MLT",2019,56.33457875,16.004563886,31751.1811756369,35.55417449,"Developed",0
"Malta","MLT",2020,70.04082723,15.249999048,29592.5714840718,35.13621738,"Developed",1
"Malta","MLT",2021,68.53308968,18.123718947,34951.7081679971,34.97831128,"Developed",1
"Malta","MLT",2022,59.10695657,18.357069273,34563.3966270232,33.26121907,"Developed",0
"Mongolia","MNG",2018,65.91636253,13.17809472,4165.02282101895,22.62007181,"Developing",0
"Mongolia","MNG",2019,60.82256145,14.206359018,4394.94715044543,24.48843192,"Developing",0
"Mongolia","MNG",2020,73.88289267,13.312981429,4041.17414564367,22.70584401,"Developing",1
"Mongolia","MNG",2021,66.92310972,15.286441738,4566.14013029182,23.13060583,"Developing",1
"Mozambique","MOZ",2016,92.24244557,12.069051237,435.760991009624,21.39375778,"Developing",0
"Mozambique","MOZ",2017,78.50460925,13.264640646,464.294721264472,23.92282577,"Developing",0
"Mozambique","MOZ",2018,81.35371631,15.017359042,510.380006416774,23.00975731,"Developing",0
"Mozambique","MOZ",2019,78.8783415,15.512758965,512.215756850012,28.51606226,"Developing",0
"Mozambique","MOZ",2020,101.3909318,14.235420174,456.581918375225,22.68896653,"Developing",1
"Mozambique","MOZ",2021,84.15696646,16.168055475,504.037758654687,25.11041629,"Developing",1
"Mozambique","MOZ",2022,78.61972563,18.406835495,558.298592504349,25.20598027,"Developing",0
"Mauritius","MUS",2017,56.15751775,13.713506131,10841.6847754844,20.42373599,"Developing",0
"Mauritius","MUS",2018,55.38179411,14.735695931,11643.4605962124,20.60108814,"Developing",0
"Mauritius","MUS",2019,57.96166043,14.43634698,11403.2527870674,21.06575332,"Developing",0
"Malawi","MWI",2015,27.33464605,9.219474379,544.276872741836,11.51057151,"Developing",0
"Malawi","MWI",2016,37.88620773,7.909868618,454.443266065248,11.16877416,"Developing",0
"Malawi","MWI",2017,34.29462257,8.943543677,500.165547203323,13.05653732,"Developing",0
"Malawi","MWI",2018,41.69501142,9.880675786,537.932204050438,12.95065704,"Developing",0
"Malawi","MWI",2019,44.68277868,11.07730533,587.115464659464,12.391923,"Developing",0
"Malawi","MWI",2022,52.63324146,13.129458326,643.433195658657,13.38208214,"Developing",0
"Malaysia","MYS",2015,53.57446973,301.355,9699.60046342736,18.61511879,"Developing",0
"Malaysia","MYS",2016,51.89052753,301.256,9555.66959336559,16.99779083,"Developing",0
"Malaysia","MYS",2017,50.04967774,319.109,9979.70447282371,16.06096805,"Developing",0
"Malaysia","MYS",2018,51.18591488,358.789,11073.9789704691,16.08565015,"Developing",0
"Malaysia","MYS",2019,52.42135021,365.178,11132.1027429418,17.47921971,"Developing",0
"Malaysia","MYS",2020,62.00672151,337.456,10164.344431073,15.86725771,"Developing",1
"Malaysia","MYS",2021,63.25878018,373.832,11134.6229528189,15.09153187,"Developing",1
"Malaysia","MYS",2022,60.26664042,407.027,11993.1876132994,16.43199615,"Developing",0
"Netherlands","NLD",2015,72.87814054,765.573,45193.4032187971,24.16957485,"Developed",0
"Netherlands","NLD",2016,71.65515849,784.06,46039.1059284098,24.37046208,"Developed",0
"Netherlands","NLD",2017,65.3181078,833.87,48675.2223350213,25.40120789,"Developed",0
"Netherlands","NLD",2018,61.04779538,914.043,53044.5324352253,25.32174313,"Developed",0
"Netherlands","NLD",2019,58.23812657,910.194,52476.2732533327,26.08286032,"Developed",0
"Netherlands","NLD",2020,66.82397399,909.793,52162.5701150406,26.00856214,"Developed",1
"Netherlands","NLD",2021,63.69725254,1029.68,58727.8705471475,26.44617942,"Developed",1
"Netherlands","NLD",2022,53.67153896,1009.4,57025.01245598,26.71934351,"Developed",0
"Norway","NOR",2015,24.33927984,388.16,74809.9658049898,45.38865619,"Developed",0
"Norway","NOR",2016,27.11471469,370.957,70867.3609970749,45.18216259,"Developed",0
"Norway","NOR",2017,27.35623903,401.745,76131.8384032764,45.16149514,"Developed",0
"Norway","NOR",2018,28.3372584,439.789,82792.8427113304,46.65447253,"Developed",0
"Norway","NOR",2019,28.6057832,408.743,76430.5889473338,47.47572726,"Developed",0
"Norway","NOR",2020,33.05758217,367.633,68340.0181033702,44.6149224,"Developed",1
"Norway","NOR",2021,30.86050633,503.368,93072.8925119571,47.45522072,"Developed",1
"Norway","NOR",2022,28.71249906,593.727,108798.451165901,56.34623234,"Developed",0
"Nepal","NPL",2019,31.77714735,34.186180699,1185.68231827815,22.40134791,"Developing",0
"Nepal","NPL",2020,39.04856313,33.433659301,1139.18989468388,19.36542667,"Developing",1
"Nepal","NPL",2021,39.92226864,36.924841394,1229.39420401521,19.88212156,"Developing",1
"Peru","PER",2015,21.74732795,189.803,6180.11926810233,17.06337561,"Developing",0
"Peru","PER",2016,22.69885246,191.898,6163.86042474328,15.81252625,"Developing",0
"Peru","PER",2017,23.88057657,211.008,6676.30879274916,15.52325545,"Developing",0
"Peru","PER",2018,25.03061791,222.597,6912.10398761205,16.61904468,"Developing",0
"Peru","PER",2019,25.96892844,228.346,6956.49574886694,16.98530667,"Developing",0
"Peru","PER",2020,34.22066648,201.41,6047.47546434312,15.39942797,"Developing",1
"Peru","PER",2021,34.85457601,226.354,6713.66205386496,18.1595847,"Developing",1
"Palau","PLW",2015,61.97142144,0.2872159729,16141.1696583338,24.78019322,"Developed",0
"Palau","PLW",2016,66.3770589,0.3054041748,17142.1292548657,24.70490363,"Developed",0
"Palau","PLW",2017,77.98928049,0.2923457642,16389.8505443828,26.40210513,"Developed",0
"Palau","PLW",2018,83.78839453,0.2881609802,16130.8206574456,26.84071867,"Developed",0
"Palau","PLW",2019,85.23669516,0.2818287048,15730.559546438,24.52557735,"Developed",0
"Papua New Guinea","PNG",2015,29.87537774,21.72343701,2502.07344498028,16.93324069,"Developing",0
"Papua New Guinea","PNG",2016,33.7401901,20.758876953,2332.67588834678,13.9232871,"Developing",0
"Papua New Guinea","PNG",2017,32.68568941,22.742699138,2495.14077312932,13.90644183,"Developing",0
"Papua New Guinea","PNG",2018,36.674291,24.109780708,2584.32780208122,15.42747804,"Developing",0
"Papua New Guinea","PNG",2019,40.15359037,24.751066911,2593.77555393227,14.19864882,"Developing",0
"Papua New Guinea","PNG",2020,48.68010121,23.848445104,2446.08468660615,12.92898139,"Developing",1
"Papua New Guinea","PNG",2021,52.57596445,26.11333324,2624.60410978363,12.84839788,"Developing",1
"Papua New Guinea","PNG",2022,48.2553884,31.603619037,3115.92292253449,15.34154852,"Developing",0
"Poland","POL",2015,56.93180485,477.111,12560.051419682,20.8602752,"Developed",0
"Poland","POL",2016,60.46616537,470.025,12378.8128106111,20.87065381,"Developed",0
"Poland","POL",2017,56.70715163,524.641,13815.501164767,21.49986332,"Developed",0
"Poland","POL",2018,54.82664991,588.78,15504.5075062692,21.95874359,"Developed",0
"Poland","POL",2019,52.69330196,596.058,15700.0135796738,21.92609806,"Developed",0
"Poland","POL",2020,66.77352511,599.443,15816.819050319,22.24272695,"Developed",1
"Poland","POL",2021,58.22094917,681.346,18050.2778862996,24.16624926,"Developed",1
"Poland","POL",2022,50.14810729,689.763,18732.4977273198,22.14974772,"Developed",0
"Portugal","PRT",2015,150.709921,199.394,19250.1065376852,29.00668114,"Developed",0
"Portugal","PRT",2016,146.927389,206.426,19991.9724878805,28.38808765,"Developed",0
"Portugal","PRT",2017,147.4779355,221.358,21490.429863104,28.28287119,"Developed",0
"Portugal","PRT",2018,140.6233993,242.313,23562.5545228191,28.45926423,"Developed",0
"Portugal","PRT",2019,138.8688083,239.987,23330.817288932,27.88457514,"Developed",0
"Portugal","PRT",2020,161.2976463,229.032,22242.406417972,27.45058508,"Developed",1
"Portugal","PRT",2021,147.1892139,255.535,24661.1664874576,27.33845809,"Developed",1
"Portugal","PRT",2022,119.3953218,255.197,24515.2657495716,27.97036702,"Developed",0
"Romania","ROU",2015,45.16991522,177.884,8976.9544892648,24.96909663,"Developing",0
"Romania","ROU",2016,47.279933,185.288,9404.38125929526,22.43631438,"Developing",0
"Romania","ROU",2017,44.32707463,210.147,10727.9708633184,20.85551802,"Developing",0
"Romania","ROU",2018,42.56473483,243.316,12494.4235789649,20.30203368,"Developed",0
"Romania","ROU",2019,43.36184448,251.018,12957.9991142218,20.35782096,"Developed",0
"Romania","ROU",2020,57.29586358,251.363,13047.4566563993,20.20882459,"Developed",1
"Romania","ROU",2021,55.9129588,285.81,14946.624968678,21.07297531,"Developed",1
"Romania","ROU",2022,50.45296898,298.892,15692.3071700143,22.45136709,"Developed",0
"Russian Federation","RUS",2015,12.30181523,1363.48,9277.7138671875,17.41734095,"Developing",0
"Russian Federation","RUS",2016,12.99796884,1276.79,8663.158203125,15.9321436,"Developing",0
"Russian Federation","RUS",2017,14.62228668,1574.2,10658.9130859375,17.22837183,"Developing",0
"Russian Federation","RUS",2018,14.53796539,1657.33,11211.8876953125,20.15403657,"Developing",0
"Russian Federation","RUS",2019,15.59970276,1693.12,11447.701171875,19.91166819,"Developing",0
"Russian Federation","RUS",2020,21.14142178,1493.08,10108.3271484375,19.78698491,"Developing",1
"Russian Federation","RUS",2021,19.20187028,1843.39,12521.5224609375,19.7742997,"Developed",1
"Russian Federation","RUS",2022,17.58209854,2266.03,15445.2421875,22.06261928,"Developed",0
"South Asia","SAS",2015,50.84335234,2733.62,1539.5941449215,12.26606848,"Developing",0
"South Asia","SAS",2016,47.67402944,3011.04,1675.52326892233,12.59791977,"Developing",0
"South Asia","SAS",2017,47.62576916,3433.92,1887.87828259142,12.45695761,"Developing",0
"South Asia","SAS",2018,46.56564716,3534.07,1920.13115754982,12.92171982,"Developing",0
"Singapore","SGP",2015,103.3208398,307.999,55645.6068614606,17.99710989,"Developed",0
"Singapore","SGP",2016,109.0564224,319.054,56899.9181805173,18.4661444,"Developed",0
"Singapore","SGP",2017,109.3294184,343.257,61162.0973932771,20.18855131,"Developed",0
"Singapore","SGP",2018,110.7576026,376.893,66840.6373389791,18.18852713,"Developed",0
"Singapore","SGP",2019,127.8267457,376.902,66081.7199235165,20.90081588,"Developed",0
"Singapore","SGP",2020,151.5663247,349.488,61466.803676358,18.05241173,"Developed",1
"Singapore","SGP",2021,150.1419128,434.112,79601.4129622433,17.22885533,"Developed",1
"Singapore","SGP",2022,157.3631093,498.475,88428.7024226232,16.2205278,"Developed",0
"Solomon Islands","SLB",2015,6.737625634,1.307909888,2134.80541826155,30.91200258,"Developing",0
"Solomon Islands","SLB",2016,6.259588741,1.379490304,2196.28389055503,27.57126971,"Developing",0
"Solomon Islands","SLB",2017,8.402457923,1.469789119,2283.57905127379,28.98213353,"Developing",0
"Solomon Islands","SLB",2018,7.685645856,1.615478393,2450.4828877801,29.19694803,"Developing",0
"Solomon Islands","SLB",2019,7.74418283,1.619155017,2398.77305007963,25.83657101,"Developing",0
"Solomon Islands","SLB",2020,11.46390032,1.536145814,2222.46211853173,24.59418757,"Developing",1
"Solomon Islands","SLB",2022,15.39316607,1.566360686,2162.6661301834,23.05984211,"Developing",0
"El Salvador","SLV",2015,50.71339581,23.43824,3761.51368000275,18.0676654,"Developing",0
"El Salvador","SLV",2016,51.46150109,24.19143,3870.31298246063,18.69197709,"Developing",0
"El Salvador","SLV",2017,54.47700289,24.97919,3986.04901435439,20.05077211,"Developing",0
"El Salvador","SLV",2018,51.67317747,26.02085,4145.86235103186,20.17804953,"Developing",0
"El Salvador","SLV",2019,53.43262972,26.88114,4280.28840404719,20.05160495,"Developing",0
"El Salvador","SLV",2020,69.96254994,24.92119,3960.31389233069,20.02592974,"Developing",1
"El Salvador","SLV",2021,65.97771453,29.04314,4599.67878581609,24.79931578,"Developing",1
"San Marino","SMR",2015,56.46105849,1.419400404,42281.8112549264,28.64978386,"Developed",0
"San Marino","SMR",2016,56.90976323,1.468342431,43398.4285257227,27.9360614,"Developed",0
"San Marino","SMR",2017,53.5785287,1.528621195,44885.517837773,26.82874899,"Developed",0
"San Marino","SMR",2018,56.16247047,1.655354304,48464.5246477919,26.91656032,"Developed",0
"San Marino","SMR",2019,52.134643,1.616188702,47287.3983948633,27.03391623,"Developed",0
"San Marino","SMR",2020,95.65503788,1.541247884,45321.4892226161,24.73582301,"Developed",1
"San Marino","SMR",2021,94.97453576,1.855382833,54982.451714817,25.11265801,"Developed",1
"Slovak Republic","SVK",2015,64.83448553,88.900883131,16390.8821748507,27.29590507,"Developed",0
"Slovak Republic","SVK",2016,66.41586188,89.952699525,16563.4404971229,24.10163726,"Developed",0
"Slovak Republic","SVK",2017,64.35388113,95.649966261,17585.197002257,23.50621816,"Developed",0
"Slovak Republic","SVK",2018,63.78348018,106.138,19486.3936845505,23.87278252,"Developed",0
"Slovak Republic","SVK",2019,63.11211149,105.712,19381.8905468746,24.09753055,"Developed",0
"Slovak Republic","SVK",2020,78.32609648,106.738,19553.2609613643,24.25932256,"Developed",1
"Slovak Republic","SVK",2021,78.8419015,118.563,21765.722502093,25.02017292,"Developed",1
"Slovak Republic","SVK",2022,64.50713215,115.585,21279.4589247729,25.57550372,"Developed",0
"Slovenia","SVN",2015,100.3494717,43.107506024,20890.1664304173,27.97437116,"Developed",0
"Slovenia","SVN",2016,95.37505387,44.766722791,21678.3594670629,26.49134464,"Developed",0
"Slovenia","SVN",2017,87.81816813,48.589100043,23514.0254604147,26.21549634,"Developed",0
"Slovenia","SVN",2018,82.39888308,54.177882426,26123.7471277911,26.49423941,"Developed",0
"Slovenia","SVN",2019,84.22780334,54.386654314,26042.4463468032,26.49529797,"Developed",0
"Slovenia","SVN",2020,107.4305108,53.734526854,25558.4290544506,25.11028714,"Developed",1
"Slovenia","SVN",2021,92.58225768,61.832201544,29331.0647010043,26.39920676,"Developed",1
"Slovenia","SVN",2022,71.86194016,60.063475466,28439.3340989687,26.03828909,"Developed",0
"Sweden","SWE",2015,47.43432063,505.104,51545.4836095322,28.95056179,"Developed",0
"Sweden","SWE",2016,46.18805621,515.655,51965.1571531985,29.92284765,"Developed",0
"Sweden","SWE",2017,43.94797165,541.019,53791.5087298403,29.88021433,"Developed",0
"Sweden","SWE",2018,42.26471976,555.455,54589.0603860606,29.73504579,"Developed",0
"Sweden","SWE",2019,38.67054128,533.88,51939.4297445291,29.37366166,"Developed",0
"Sweden","SWE",2020,44.02404031,547.054,52837.9039778149,28.86295588,"Developed",1
"Sweden","SWE",2021,40.49442292,639.715,61417.6808766469,29.11211364,"Developed",1
"Sweden","SWE",2022,36.25306055,590.41,56299.5057328064,29.38350522,"Developed",0
"Eswatini","SWZ",2015,15.75973646,4.063245671,3583.31129031343,27.54490875,"Developing",0
"Eswatini","SWZ",2016,20.04145292,3.816019193,3339.99040122187,24.64598892,"Developing",0
"Eswatini","SWZ",2017,22.1829572,4.402969226,3824.04678338499,27.7744978,"Developing",0
"Eswatini","SWZ",2018,26.9820662,4.666598024,4021.4455564534,24.69036102,"Developing",0
"Eswatini","SWZ",2019,30.60913941,4.495267266,3843.38004601919,26.50689634,"Developing",0
"Eswatini","SWZ",2020,39.82728193,3.982236694,3372.90461128068,28.31718476,"Developing",1
"Eswatini","SWZ",2021,35.40166564,4.850842541,4068.57378984532,24.86164675,"Developing",1
"Seychelles","SYC",2015,60.91225257,1.432403352,15333.1051727105,32.6551676,"Developed",0
"Tonga","TON",2015,51.17607957,0.4370030786,4117.93104694205,22.24910162,"Developing",0
"Tonga","TON",2016,49.4146055,0.4205487124,3978.43768561484,23.9481464,"Developing",0
"Tonga","TON",2017,45.58308598,0.4603743548,4367.25660339844,23.91849046,"Developing",0
"Tonga","TON",2018,48.69682208,0.4889068386,4649.61330094975,24.91781676,"Developing",0
"Tonga","TON",2019,42.54780521,0.5120536921,4878.97868604087,23.42411323,"Developing",0
"Tonga","TON",2020,45.01577568,0.4847968549,4605.97084119137,25.11473426,"Developing",1
"Turkiye","TUR",2015,32.30427285,864.314,11049.9951100942,22.7572144,"Developing",0
"Turkiye","TUR",2016,33.39391776,869.683,10970.0458948862,22.94124112,"Developing",0
"Turkiye","TUR",2017,33.07905238,858.988,10695.550196231,22.04678309,"Developing",0
"Turkiye","TUR",2018,31.9578599,778.972,9568.83618958168,22.56886139,"Developing",0
"Turkiye","TUR",2019,36.70022262,761.006,9215.44087472889,21.59019398,"Developing",0
"Turkiye","TUR",2020,43.18408045,720.338,8638.73913259299,22.51222319,"Developing",1
"Turkiye","TUR",2021,43.54611946,819.865,9743.21313092428,22.99959211,"Developing",1
"Turkiye","TUR",2022,36.09007785,907.118,10674.5041731531,20.46812935,"Developing",0
"Uganda","UGA",2018,34.67357099,32.92702562,793.128082237434,12.47650659,"Developing",0
"Uganda","UGA",2019,38.47694531,35.348155095,823.024732902811,13.09570635,"Developing",0
"Uganda","UGA",2020,44.18591431,37.60036824,846.76720261962,12.85399457,"Developing",1
"Uganda","UGA",2021,51.30266235,40.529788744,883.892026171965,13.98623875,"Developing",1
"Uganda","UGA",2022,53.89028306,45.565333216,964.354146526666,13.77859409,"Developing",0
"Ukraine","UKR",2015,67.61813669,91.030967789,2124.66259765625,26.19044889,"Developing",0
"Ukraine","UKR",2016,69.71349901,93.355869404,2187.7275390625,25.48080861,"Developing",0
"Ukraine","UKR",2017,65.06500511,112.091,2638.32543945313,26.35089512,"Developing",0
"Ukraine","UKR",2018,55.33812862,130.891,3096.5625,25.58198014,"Developing",0
"Ukraine","UKR",2019,47.02037213,153.883,3661.45776367188,24.84907465,"Developing",0
"Ukraine","UKR",2020,57.08420081,156.618,3751.7373046875,25.207327,"Developing",1
"Uruguay","URY",2015,47.15301362,57.680327999,16950.7531694816,18.5564852,"Developed",0
"Uruguay","URY",2016,46.33467776,57.48078838,16837.9403803049,23.46741415,"Developed",0
"Uruguay","URY",2017,44.93383107,65.00604768,18995.3970195554,19.85224137,"Developed",0
"Uruguay","URY",2018,48.15556157,65.344408987,19067.2915555737,20.30216801,"Developed",0
"Uruguay","URY",2019,51.57607297,62.222387929,18149.0562908315,19.64628702,"Developed",0
"Uruguay","URY",2020,62.38401062,53.668636568,15651.0033775375,20.37743654,"Developed",1
"United States","USA",2015,95.95614522,18295,57040.2082136605,12.4865872,"Developed",0
"United States","USA",2016,97.92893485,18804.9,58206.6141931844,12.02972542,"Developed",0
"United States","USA",2017,97.02163491,19612.1,60322.2614241747,12.66095139,"Developed",0
"United States","USA",2018,98.44977246,20656.5,63201.0458483771,10.96030715,"Developed",0
"United States","USA",2019,100.1190443,21521.4,65548.0707847572,10.75744904,"Developed",0
"United States","USA",2020,124.7331772,21323,64317.398912504,11.04452808,"Developed",1
"United States","USA",2021,118.8885019,23594,71055.8761938303,12.19704001,"Developed",1
"United States","USA",2022,110.3853317,25744.1,77246.6738828672,13.02053658,"Developed",0
"Vanuatu","VUT",2021,87.07208983,0.9503940065,2978.01259813971,30.54318809,"Developing",1
"World","WLD",2015,90.03713231,75359.7,10177.8905141454,16.91734765,"World",0
"World","WLD",2016,91.54545568,76588,10224.0659312632,16.5978553,"World",0
"World","WLD",2017,91.24573323,81551,10762.8045848545,16.85648111,"World",0
"World","WLD",2018,91.34095283,86686.9,11315.083985152,16.57494669,"World",0
"World","WLD",2019,93.7942601,87945.6,11358.4786578376,16.58724212,"World",0
"World","WLD",2020,111.973864,85577.7,10941.6626777859,16.1649783,"World",1
"World","WLD",2021,107.6380656,97527,12362.4642088343,16.84380647,"World",1
"World","WLD",2022,97.97790587,101225,12730.1571671098,17.46535033,"World",0
"South Africa","ZAF",2015,48.68384243,346.71,6204.92990145846,28.06285722,"Developing",0
"South Africa","ZAF",2016,49.72626333,323.586,5735.06678717842,27.41767021,"Developing",0
"South Africa","ZAF",2017,51.88529271,381.449,6734.47515312493,27.14921584,"Developing",0
"South Africa","ZAF",2018,54.76275256,405.261,7067.72416483846,26.712167,"Developing",0
"South Africa","ZAF",2019,60.71389496,389.33,6702.52661671812,27.07696254,"Developing",0
"South Africa","ZAF",2020,72.09646895,338.291,5753.06649434631,25.60611505,"Developing",1
"South Africa","ZAF",2021,70.52585354,420.118,7073.61275415525,28.34953795,"Developing",1
"South Africa","ZAF",2022,73.00317012,405.271,6766.48125428394,28.78606227,"Developing",0
"Zambia","ZMB",2015,49.40734735,21.251216799,1307.90964916032,18.29577164,"Developing",0
"Zambia","ZMB",2016,46.43289358,20.958412538,1249.92314348406,18.13243575,"Developing",0
"Zambia","ZMB",2017,52.28094184,25.873601261,1495.75213841021,16.8512124,"Developing",0
"Zambia","ZMB",2018,59.71222117,26.311507274,1475.19988338535,19.41096249,"Developing",0
"Zambia","ZMB",2019,61.93011738,23.308667781,1268.12094056241,19.59610456,"Developing",0
"Zambia","ZMB",2020,103.5431523,18.137764931,958.264900505992,19.58138915,"Developing",1
"Zambia","ZMB",2021,71.41117617,22.096416932,1134.71345415843,21.96739775,"Developing",1
